epoch,time,train/box_loss,train/cls_loss,train/dfl_loss,metrics/precision(B),metrics/recall(B),metrics/mAP50(B),metrics/mAP50-95(B),val/box_loss,val/cls_loss,val/dfl_loss,lr/pg0,lr/pg1,lr/pg2
1,1.32014,0.96859,2.29603,0.01359,0.85722,0.67381,0.90804,0.66936,1.5399,1.02925,0.0111,0,0,0
2,2.67624,1.15026,2.4518,0.01313,0.89307,0.65337,0.8985,0.66843,1.53077,1.0598,0.01099,1.17822e-06,1.17822e-06,1.17822e-06
3,3.9557,0.95478,2.88932,0.0201,0.86619,0.66936,0.90248,0.6615,1.57336,1.02125,0.0115,2.33288e-06,2.33288e-06,2.33288e-06
4,5.22121,1.32644,2.52472,0.02769,0.86433,0.67364,0.90027,0.66379,1.57964,1.02334,0.01152,3.46397e-06,3.46397e-06,3.46397e-06
5,6.6082,1.35745,2.93719,0.02224,0.85966,0.67534,0.90026,0.66309,1.57595,1.02591,0.0115,4.5715e-06,4.5715e-06,4.5715e-06
6,8.12642,1.14463,1.96487,0.01427,0.85739,0.67703,0.90038,0.6622,1.55697,1.05232,0.01139,5.65548e-06,5.65548e-06,5.65548e-06
7,9.48872,1.32013,2.73155,0.0126,0.85752,0.67767,0.9004,0.66215,1.55626,1.05155,0.01132,6.71588e-06,6.71588e-06,6.71588e-06
8,10.9351,1.02212,2.13805,0.01061,0.86287,0.67647,0.90441,0.67894,1.57893,1.02422,0.01139,7.75273e-06,7.75273e-06,7.75273e-06
9,12.3547,1.21762,3.23977,0.01833,0.85553,0.67865,0.90439,0.6785,1.55484,1.05593,0.01126,8.76602e-06,8.76602e-06,8.76602e-06
10,13.8794,1.06218,2.43278,0.01014,0.84671,0.68333,0.90437,0.67752,1.55132,1.062,0.01122,9.75574e-06,9.75574e-06,9.75574e-06
11,15.2557,1.17905,2.75017,0.01453,0.97797,0.61682,0.90425,0.67618,1.55502,1.09546,0.01127,1.07219e-05,1.07219e-05,1.07219e-05
12,16.6526,0.95679,2.21112,0.01054,0.96893,0.61862,0.90429,0.66955,1.55371,1.1078,0.01122,1.16645e-05,1.16645e-05,1.16645e-05
13,18.0085,0.94496,1.99452,0.0147,0.83207,0.6851,0.90612,0.66869,1.55021,1.08141,0.01119,1.25835e-05,1.25835e-05,1.25835e-05
14,19.3684,1.27226,2.17262,0.01624,0.96495,0.61955,0.90213,0.66813,1.54642,1.10121,0.01115,1.3479e-05,1.3479e-05,1.3479e-05
15,20.7288,1.04966,1.84336,0.01301,0.96183,0.62068,0.89856,0.66592,1.54706,1.12383,0.01112,1.43509e-05,1.43509e-05,1.43509e-05
16,22.0792,1.02131,2.58597,0.02273,0.95698,0.6209,0.89635,0.66148,1.53039,1.14197,0.01093,1.51993e-05,1.51993e-05,1.51993e-05
17,23.4307,1.16346,2.28283,0.01599,0.82608,0.68523,0.88945,0.66733,1.53101,1.10846,0.01091,1.60241e-05,1.60241e-05,1.60241e-05
18,24.7765,1.22058,2.20784,0.01551,0.82608,0.68523,0.88945,0.66733,1.53101,1.10846,0.01091,1.68253e-05,1.68253e-05,1.68253e-05
19,26.285,1.08082,1.8948,0.0116,0.82385,0.68391,0.88948,0.68395,1.52243,1.12663,0.01064,1.7603e-05,1.7603e-05,1.7603e-05
20,27.6869,1.07382,1.88422,0.01617,0.82385,0.68391,0.88948,0.68395,1.52243,1.12663,0.01064,1.83571e-05,1.83571e-05,1.83571e-05
21,29.0566,1.08811,3.23946,0.02015,0.93444,0.62196,0.88851,0.68157,1.51565,1.17377,0.01033,1.90876e-05,1.90876e-05,1.90876e-05
22,30.3596,0.93421,2.13198,0.01474,0.93444,0.62196,0.88851,0.68157,1.51565,1.17377,0.01033,1.97946e-05,1.97946e-05,1.97946e-05
23,31.7889,1.48286,2.42626,0.01657,0.94677,0.62515,0.88711,0.68382,1.51865,1.1674,0.01018,2.0478e-05,2.0478e-05,2.0478e-05
24,33.1853,1.17563,1.93555,0.01431,0.94677,0.62515,0.88711,0.68382,1.51865,1.1674,0.01018,2.11379e-05,2.11379e-05,2.11379e-05
25,34.6263,1.01853,2.53146,0.01512,0.90765,0.61833,0.88642,0.676,1.5287,1.17366,0.01029,2.17741e-05,2.17741e-05,2.17741e-05
26,36.1278,1.09763,2.08836,0.01718,0.90765,0.61833,0.88642,0.676,1.5287,1.17366,0.01029,2.23869e-05,2.23869e-05,2.23869e-05
27,37.5697,1.20937,1.84836,0.01359,0.91288,0.62042,0.88669,0.69188,1.53119,1.18998,0.0103,2.2976e-05,2.2976e-05,2.2976e-05
28,39.0241,1.10639,2.00812,0.01588,0.91288,0.62042,0.88669,0.69188,1.53119,1.18998,0.0103,2.35417e-05,2.35417e-05,2.35417e-05
29,40.4905,1.58024,1.96824,0.01636,0.9239,0.61405,0.88171,0.6909,1.53749,1.20147,0.01028,2.40837e-05,2.40837e-05,2.40837e-05
30,41.9201,0.89729,1.81959,0.01125,0.9239,0.61405,0.88171,0.6909,1.53749,1.20147,0.01028,2.46022e-05,2.46022e-05,2.46022e-05
31,43.3633,0.98268,1.88057,0.01198,0.76121,0.6649,0.8537,0.67561,1.54106,1.21481,0.01025,2.50971e-05,2.50971e-05,2.50971e-05
32,44.8814,1.05411,2.09484,0.01053,0.76121,0.6649,0.8537,0.67561,1.54106,1.21481,0.01025,2.55685e-05,2.55685e-05,2.55685e-05
33,46.2006,1.15072,2.32212,0.01699,0.67158,0.69448,0.84019,0.66043,1.55087,1.25509,0.01033,2.60163e-05,2.60163e-05,2.60163e-05
34,47.5481,0.94221,1.50269,0.01919,0.67158,0.69448,0.84019,0.66043,1.55087,1.25509,0.01033,2.64405e-05,2.64405e-05,2.64405e-05
35,49.0456,1.01825,1.8925,0.01061,0.67155,0.69771,0.81262,0.64735,1.61738,1.17717,0.01079,2.68412e-05,2.68412e-05,2.68412e-05
36,50.5794,1.05849,1.55181,0.01284,0.67155,0.69771,0.81262,0.64735,1.61738,1.17717,0.01079,2.72183e-05,2.72183e-05,2.72183e-05
37,51.9508,1.11409,2.35441,0.0226,0.6592,0.68683,0.79538,0.65462,1.61993,1.20305,0.01078,2.75718e-05,2.75718e-05,2.75718e-05
38,53.3395,1.17955,1.83914,0.01462,0.6592,0.68683,0.79538,0.65462,1.61993,1.20305,0.01078,2.79018e-05,2.79018e-05,2.79018e-05
39,54.8399,1.11067,2.61338,0.01793,0.65154,0.68288,0.81277,0.66054,1.61962,1.21122,0.01066,2.82082e-05,2.82082e-05,2.82082e-05
40,56.2607,1.27877,2.44638,0.01846,0.65154,0.68288,0.81277,0.66054,1.61962,1.21122,0.01066,2.84911e-05,2.84911e-05,2.84911e-05
41,57.6685,1.01408,1.75102,0.01319,0.66698,0.67381,0.81501,0.65095,1.63253,1.25053,0.01075,2.87504e-05,2.87504e-05,2.87504e-05
42,59.1295,1.12002,1.65236,0.01749,0.66698,0.67381,0.81501,0.65095,1.63253,1.25053,0.01075,2.89861e-05,2.89861e-05,2.89861e-05
43,60.6584,0.56603,2.88413,0.01024,0.72364,0.66352,0.85823,0.67172,1.65549,1.19986,0.01137,2.91983e-05,2.91983e-05,2.91983e-05
44,62.1469,1.04892,1.52383,0.01673,0.72364,0.66352,0.85823,0.67172,1.65549,1.19986,0.01137,2.93869e-05,2.93869e-05,2.93869e-05
45,63.5068,0.69833,1.57653,0.01276,0.67064,0.66381,0.81033,0.65054,1.6607,1.23451,0.01156,2.9552e-05,2.9552e-05,2.9552e-05
46,64.8021,1.22552,1.99961,0.02019,0.67064,0.66381,0.81033,0.65054,1.6607,1.23451,0.01156,2.96935e-05,2.96935e-05,2.96935e-05
47,66.1441,0.99688,1.20672,0.01085,0.6806,0.66459,0.8029,0.64163,1.63989,1.24757,0.01133,2.98114e-05,2.98114e-05,2.98114e-05
48,67.4563,0.96529,1.46191,0.01259,0.6806,0.66459,0.8029,0.64163,1.63989,1.24757,0.01133,2.99058e-05,2.99058e-05,2.99058e-05
49,68.7914,1.15318,1.71849,0.01361,0.68943,0.67449,0.80152,0.64293,1.60166,1.34793,0.01126,2.99766e-05,2.99766e-05,2.99766e-05
50,70.0798,1.01025,1.13248,0.01244,0.68943,0.67449,0.80152,0.64293,1.60166,1.34793,0.01126,3.00238e-05,3.00238e-05,3.00238e-05
51,71.4152,0.86933,1.33592,0.00908,0.65774,0.66731,0.78922,0.63618,1.67639,1.29482,0.01203,3.00475e-05,3.00475e-05,3.00475e-05
52,72.7071,1.05108,1.07144,0.00956,0.65774,0.66731,0.78922,0.63618,1.67639,1.29482,0.01203,3.00476e-05,3.00476e-05,3.00476e-05
53,74.0651,0.75726,1.23493,0.01117,0.65774,0.66731,0.78922,0.63618,1.67639,1.29482,0.01203,3.00242e-05,3.00242e-05,3.00242e-05
54,75.4835,1.05507,2.0171,0.01522,0.74265,0.66047,0.84527,0.64211,1.62214,1.35572,0.0118,2.99772e-05,2.99772e-05,2.99772e-05
55,76.8327,1.03039,1.35086,0.01047,0.74265,0.66047,0.84527,0.64211,1.62214,1.35572,0.0118,2.99066e-05,2.99066e-05,2.99066e-05
56,78.148,0.84893,1.66087,0.00849,0.74265,0.66047,0.84527,0.64211,1.62214,1.35572,0.0118,2.98125e-05,2.98125e-05,2.98125e-05
57,79.5529,0.82317,1.03305,0.00979,0.81835,0.65206,0.84472,0.63963,1.68717,1.25009,0.01215,2.96948e-05,2.96948e-05,2.96948e-05
58,80.9245,0.84075,1.03601,0.00825,0.81835,0.65206,0.84472,0.63963,1.68717,1.25009,0.01215,2.95535e-05,2.95535e-05,2.95535e-05
59,82.2456,1.0282,1.71572,0.01658,0.81835,0.65206,0.84472,0.63963,1.68717,1.25009,0.01215,2.93887e-05,2.93887e-05,2.93887e-05
60,83.6268,1.23589,1.76395,0.02085,0.6446,0.67508,0.7619,0.54844,1.74583,1.30507,0.01299,2.92003e-05,2.92003e-05,2.92003e-05
61,84.9698,0.68896,1.0457,0.0074,0.6446,0.67508,0.7619,0.54844,1.74583,1.30507,0.01299,2.89884e-05,2.89884e-05,2.89884e-05
62,86.2957,0.91149,1.0079,0.01502,0.6446,0.67508,0.7619,0.54844,1.74583,1.30507,0.01299,2.87529e-05,2.87529e-05,2.87529e-05
63,87.6882,1.55856,2.96803,0.03183,0.61739,0.66343,0.76229,0.54902,1.71504,1.36259,0.01302,2.84938e-05,2.84938e-05,2.84938e-05
64,89.0373,0.91305,1.2335,0.00941,0.61739,0.66343,0.76229,0.54902,1.71504,1.36259,0.01302,2.82112e-05,2.82112e-05,2.82112e-05
65,90.3602,1.11819,1.10985,0.01218,0.61739,0.66343,0.76229,0.54902,1.71504,1.36259,0.01302,2.7905e-05,2.7905e-05,2.7905e-05
66,91.7132,0.80551,0.89189,0.01355,0.61806,0.66103,0.76074,0.55989,1.72535,1.36621,0.01326,2.75753e-05,2.75753e-05,2.75753e-05
67,93.1006,0.84751,0.67246,0.00777,0.61806,0.66103,0.76074,0.55989,1.72535,1.36621,0.01326,2.7222e-05,2.7222e-05,2.7222e-05
68,94.6254,1.11127,1.44383,0.01297,0.61806,0.66103,0.76074,0.55989,1.72535,1.36621,0.01326,2.68451e-05,2.68451e-05,2.68451e-05
69,96.3879,0.92499,0.99213,0.01293,0.60318,0.65312,0.76089,0.55196,1.73954,1.39677,0.01357,2.64447e-05,2.64447e-05,2.64447e-05
70,98.0857,1.22883,2.23227,0.01941,0.60318,0.65312,0.76089,0.55196,1.73954,1.39677,0.01357,2.60207e-05,2.60207e-05,2.60207e-05
71,99.644,0.83007,0.9436,0.0078,0.60318,0.65312,0.76089,0.55196,1.73954,1.39677,0.01357,2.55731e-05,2.55731e-05,2.55731e-05
72,101.194,1.01294,0.85724,0.00928,0.62039,0.65846,0.78833,0.56535,1.74118,1.37375,0.01355,2.5102e-05,2.5102e-05,2.5102e-05
73,102.847,0.76398,1.23438,0.01053,0.62039,0.65846,0.78833,0.56535,1.74118,1.37375,0.01355,2.46073e-05,2.46073e-05,2.46073e-05
74,104.363,0.93589,1.24685,0.01131,0.62039,0.65846,0.78833,0.56535,1.74118,1.37375,0.01355,2.40891e-05,2.40891e-05,2.40891e-05
75,105.802,1.13452,1.56278,0.01917,0.61952,0.64091,0.76088,0.55326,1.77354,1.34591,0.01418,2.35472e-05,2.35472e-05,2.35472e-05
76,107.17,0.96253,0.87227,0.0122,0.61952,0.64091,0.76088,0.55326,1.77354,1.34591,0.01418,2.29819e-05,2.29819e-05,2.29819e-05
77,108.728,1.01369,0.99251,0.01063,0.61952,0.64091,0.76088,0.55326,1.77354,1.34591,0.01418,2.23929e-05,2.23929e-05,2.23929e-05
78,110.285,1.13478,1.59437,0.01448,0.93674,0.45401,0.76309,0.54382,1.79013,1.4338,0.01465,2.17805e-05,2.17805e-05,2.17805e-05
79,111.716,0.69593,0.74287,0.00734,0.93674,0.45401,0.76309,0.54382,1.79013,1.4338,0.01465,2.11444e-05,2.11444e-05,2.11444e-05
80,113.233,0.90181,0.85935,0.01076,0.93674,0.45401,0.76309,0.54382,1.79013,1.4338,0.01465,2.04848e-05,2.04848e-05,2.04848e-05
81,114.77,0.88122,0.9149,0.0151,0.76062,0.45644,0.76632,0.55089,1.78618,1.41289,0.01447,1.98016e-05,1.98016e-05,1.98016e-05
82,116.189,0.78291,0.53976,0.01251,0.76062,0.45644,0.76632,0.55089,1.78618,1.41289,0.01447,1.90949e-05,1.90949e-05,1.90949e-05
83,117.613,0.91324,1.90504,0.01212,0.76062,0.45644,0.76632,0.55089,1.78618,1.41289,0.01447,1.83646e-05,1.83646e-05,1.83646e-05
84,119.044,0.76099,0.99753,0.01169,0.93593,0.45511,0.69565,0.48141,1.80909,1.50673,0.01506,1.76107e-05,1.76107e-05,1.76107e-05
85,120.463,0.87327,1.3168,0.00954,0.93593,0.45511,0.69565,0.48141,1.80909,1.50673,0.01506,1.68333e-05,1.68333e-05,1.68333e-05
86,121.869,1.20616,1.97423,0.0234,0.93593,0.45511,0.69565,0.48141,1.80909,1.50673,0.01506,1.60323e-05,1.60323e-05,1.60323e-05
87,123.247,1.10578,1.36115,0.01381,0.93593,0.45511,0.69565,0.48141,1.80909,1.50673,0.01506,1.52077e-05,1.52077e-05,1.52077e-05
88,124.697,1.02664,1.27623,0.01493,0.93066,0.45676,0.70356,0.47406,1.76045,1.65706,0.01529,1.43596e-05,1.43596e-05,1.43596e-05
89,126.094,1.15018,1.65352,0.0162,0.93066,0.45676,0.70356,0.47406,1.76045,1.65706,0.01529,1.34879e-05,1.34879e-05,1.34879e-05
90,127.511,0.88528,1.04199,0.00944,0.93066,0.45676,0.70356,0.47406,1.76045,1.65706,0.01529,1.25927e-05,1.25927e-05,1.25927e-05
91,128.9,0.62728,0.48839,0.00867,0.93066,0.45676,0.70356,0.47406,1.76045,1.65706,0.01529,1.16739e-05,1.16739e-05,1.16739e-05
92,130.36,0.54135,0.51715,0.00559,0.58423,0.49893,0.66274,0.47615,1.81394,1.56413,0.0151,1.07315e-05,1.07315e-05,1.07315e-05
93,131.799,0.99906,1.18199,0.01706,0.58423,0.49893,0.66274,0.47615,1.81394,1.56413,0.0151,9.76562e-06,9.76562e-06,9.76562e-06
94,133.22,0.59703,0.48046,0.00616,0.58423,0.49893,0.66274,0.47615,1.81394,1.56413,0.0151,8.77613e-06,8.77613e-06,8.77613e-06
95,134.593,1.18501,0.83923,0.02026,0.58423,0.49893,0.66274,0.47615,1.81394,1.56413,0.0151,7.76308e-06,7.76308e-06,7.76308e-06
96,136.013,0.82625,0.55662,0.01252,0.78621,0.37648,0.64732,0.4755,1.7991,1.65765,0.01488,6.72648e-06,6.72648e-06,6.72648e-06
97,137.406,0.62936,0.42338,0.00691,0.78621,0.37648,0.64732,0.4755,1.7991,1.65765,0.01488,5.6663e-06,5.6663e-06,5.6663e-06
98,138.795,0.80763,0.58863,0.01472,0.78621,0.37648,0.64732,0.4755,1.7991,1.65765,0.01488,4.58257e-06,4.58257e-06,4.58257e-06
99,140.201,0.834,0.7087,0.00942,0.78621,0.37648,0.64732,0.4755,1.7991,1.65765,0.01488,3.47528e-06,3.47528e-06,3.47528e-06
100,141.64,0.68999,0.70838,0.00687,0.7139,0.40206,0.63637,0.45267,1.78264,1.59032,0.01444,2.34442e-06,2.34442e-06,2.34442e-06
